{
    "name": "root",
    "gauges": {
        "CommonEnemyAgent.Policy.Entropy.mean": {
            "value": 3.1643600463867188,
            "min": 2.9290213584899902,
            "max": 4.747940540313721,
            "count": 100
        },
        "CommonEnemyAgent.Policy.Entropy.sum": {
            "value": 31994.84375,
            "min": 27075.775390625,
            "max": 51400.53125,
            "count": 100
        },
        "CommonEnemyAgent.Environment.EpisodeLength.mean": {
            "value": 86.61864406779661,
            "min": 65.062893081761,
            "max": 261.8611111111111,
            "count": 100
        },
        "CommonEnemyAgent.Environment.EpisodeLength.sum": {
            "value": 10221.0,
            "min": 8687.0,
            "max": 11448.0,
            "count": 100
        },
        "CommonEnemyAgent.Step.mean": {
            "value": 999955.0,
            "min": 9995.0,
            "max": 999955.0,
            "count": 100
        },
        "CommonEnemyAgent.Step.sum": {
            "value": 999955.0,
            "min": 9995.0,
            "max": 999955.0,
            "count": 100
        },
        "CommonEnemyAgent.Policy.ExtrinsicValueEstimate.mean": {
            "value": 2.0508220195770264,
            "min": -7.645753383636475,
            "max": 6.719537258148193,
            "count": 100
        },
        "CommonEnemyAgent.Policy.ExtrinsicValueEstimate.sum": {
            "value": 455.282470703125,
            "min": -1452.693115234375,
            "max": 1364.0660400390625,
            "count": 100
        },
        "CommonEnemyAgent.Environment.CumulativeReward.mean": {
            "value": -3.470085576049283,
            "min": -38.55660387255111,
            "max": 39.09072175959951,
            "count": 100
        },
        "CommonEnemyAgent.Environment.CumulativeReward.sum": {
            "value": -406.0000123977661,
            "min": -2180.0,
            "max": 3791.8000106811523,
            "count": 100
        },
        "CommonEnemyAgent.Policy.ExtrinsicReward.mean": {
            "value": -3.470085576049283,
            "min": -38.55660387255111,
            "max": 39.09072175959951,
            "count": 100
        },
        "CommonEnemyAgent.Policy.ExtrinsicReward.sum": {
            "value": -406.0000123977661,
            "min": -2180.0,
            "max": 3791.8000106811523,
            "count": 100
        },
        "CommonEnemyAgent.IsTraining.mean": {
            "value": 1.0,
            "min": 1.0,
            "max": 1.0,
            "count": 100
        },
        "CommonEnemyAgent.IsTraining.sum": {
            "value": 1.0,
            "min": 1.0,
            "max": 1.0,
            "count": 100
        },
        "CommonEnemyAgent.Losses.PolicyLoss.mean": {
            "value": 0.023712939924250047,
            "min": 0.01571034441391627,
            "max": 0.03255535513162613,
            "count": 95
        },
        "CommonEnemyAgent.Losses.PolicyLoss.sum": {
            "value": 0.023712939924250047,
            "min": 0.01571034441391627,
            "max": 0.03255535513162613,
            "count": 95
        },
        "CommonEnemyAgent.Losses.ValueLoss.mean": {
            "value": 72.22617975870769,
            "min": 3.8245309273401897,
            "max": 84.77981745402018,
            "count": 95
        },
        "CommonEnemyAgent.Losses.ValueLoss.sum": {
            "value": 72.22617975870769,
            "min": 3.8245309273401897,
            "max": 84.77981745402018,
            "count": 95
        },
        "CommonEnemyAgent.Policy.LearningRate.mean": {
            "value": 2.5464991512000146e-06,
            "min": 2.5464991512000146e-06,
            "max": 0.000296922001026,
            "count": 95
        },
        "CommonEnemyAgent.Policy.LearningRate.sum": {
            "value": 2.5464991512000146e-06,
            "min": 2.5464991512000146e-06,
            "max": 0.000296922001026,
            "count": 95
        },
        "CommonEnemyAgent.Policy.Epsilon.mean": {
            "value": 0.10084880000000003,
            "min": 0.10084880000000003,
            "max": 0.19897399999999996,
            "count": 95
        },
        "CommonEnemyAgent.Policy.Epsilon.sum": {
            "value": 0.10084880000000003,
            "min": 0.10084880000000003,
            "max": 0.19897399999999996,
            "count": 95
        },
        "CommonEnemyAgent.Policy.Beta.mean": {
            "value": 0.0005000000000000001,
            "min": 0.0005000000000000001,
            "max": 0.0005000000000000001,
            "count": 95
        },
        "CommonEnemyAgent.Policy.Beta.sum": {
            "value": 0.0005000000000000001,
            "min": 0.0005000000000000001,
            "max": 0.0005000000000000001,
            "count": 95
        }
    },
    "metadata": {
        "timer_format_version": "0.1.0",
        "start_time_seconds": "1684679257",
        "python_version": "3.9.13 (tags/v3.9.13:6de2ca5, May 17 2022, 16:36:42) [MSC v.1929 64 bit (AMD64)]",
        "command_line_arguments": "U:\\endgame\\project\\RoguelikeGame\\venv\\Scripts\\mlagents-learn config/config.yaml --run-id=1 --force",
        "mlagents_version": "0.30.0",
        "mlagents_envs_version": "0.30.0",
        "communication_protocol_version": "1.5.0",
        "pytorch_version": "2.0.1+cu117",
        "numpy_version": "1.21.2",
        "end_time_seconds": "1684681320"
    },
    "total": 2063.3508405000002,
    "count": 1,
    "self": 0.0937991000000693,
    "children": {
        "run_training.setup": {
            "total": 0.1430134999999999,
            "count": 1,
            "self": 0.1430134999999999
        },
        "TrainerController.start_learning": {
            "total": 2063.1140279,
            "count": 1,
            "self": 3.6002251999916552,
            "children": {
                "TrainerController._reset_env": {
                    "total": 20.688968199999998,
                    "count": 1,
                    "self": 20.688968199999998
                },
                "TrainerController.advance": {
                    "total": 2038.7226315000087,
                    "count": 192973,
                    "self": 3.342735800049695,
                    "children": {
                        "env_step": {
                            "total": 1764.772245099937,
                            "count": 192973,
                            "self": 1149.5113982999346,
                            "children": {
                                "SubprocessEnvManager._take_step": {
                                    "total": 612.9503114999611,
                                    "count": 192973,
                                    "self": 10.169186699905595,
                                    "children": {
                                        "TorchPolicy.evaluate": {
                                            "total": 602.7811248000555,
                                            "count": 186321,
                                            "self": 602.7811248000555
                                        }
                                    }
                                },
                                "workers": {
                                    "total": 2.3105353000410958,
                                    "count": 192973,
                                    "self": 0.0,
                                    "children": {
                                        "worker_root": {
                                            "total": 2050.3534018999894,
                                            "count": 192973,
                                            "is_parallel": true,
                                            "self": 1100.6007276000296,
                                            "children": {
                                                "steps_from_proto": {
                                                    "total": 0.000831799999999383,