{
    "name": "root",
    "gauges": {
        "CommonEnemyAgent.Policy.Entropy.mean": {
            "value": 1.6128417253494263,
            "min": 0.5031793713569641,
            "max": 4.713292598724365,
            "count": 100
        },
        "CommonEnemyAgent.Policy.Entropy.sum": {
            "value": 14636.5390625,
            "min": 5442.38818359375,
            "max": 50125.8671875,
            "count": 100
        },
        "CommonEnemyAgent.Environment.EpisodeLength.mean": {
            "value": 1319.5,
            "min": 132.64285714285714,
            "max": 8335.0,
            "count": 98
        },
        "CommonEnemyAgent.Environment.EpisodeLength.sum": {
            "value": 7917.0,
            "min": 1042.0,
            "max": 37642.0,
            "count": 98
        },
        "CommonEnemyAgent.Step.mean": {
            "value": 999937.0,
            "min": 9995.0,
            "max": 999937.0,
            "count": 100
        },
        "CommonEnemyAgent.Step.sum": {
            "value": 999937.0,
            "min": 9995.0,
            "max": 999937.0,
            "count": 100
        },
        "CommonEnemyAgent.Policy.ExtrinsicValueEstimate.mean": {
            "value": -0.6510601043701172,
            "min": -3.8613405227661133,
            "max": -0.06555919349193573,
            "count": 100
        },
        "CommonEnemyAgent.Policy.ExtrinsicValueEstimate.sum": {
            "value": -103.5185546875,
            "min": -683.457275390625,
            "max": -10.358352661132812,
            "count": 100
        },
        "CommonEnemyAgent.Environment.CumulativeReward.mean": {
            "value": -19.666666666666668,
            "min": -257.3333333333333,
            "max": 29.5,
            "count": 98
        },
        "CommonEnemyAgent.Environment.CumulativeReward.sum": {
            "value": -118.0,
            "min": -2867.5,
            "max": 118.0,
            "count": 98
        },
        "CommonEnemyAgent.Policy.ExtrinsicReward.mean": {
            "value": -19.666666666666668,
            "min": -257.3333333333333,
            "max": 29.5,
            "count": 98
        },
        "CommonEnemyAgent.Policy.ExtrinsicReward.sum": {
            "value": -118.0,
            "min": -2867.5,
            "max": 118.0,
            "count": 98
        },
        "CommonEnemyAgent.IsTraining.mean": {
            "value": 1.0,
            "min": 1.0,
            "max": 1.0,
            "count": 100
        },
        "CommonEnemyAgent.IsTraining.sum": {
            "value": 1.0,
            "min": 1.0,
            "max": 1.0,
            "count": 100
        },
        "CommonEnemyAgent.Losses.PolicyLoss.mean": {
            "value": 0.025892003936072192,
            "min": 0.015291610779240728,
            "max": 0.031597356580084925,
            "count": 94
        },
        "CommonEnemyAgent.Losses.PolicyLoss.sum": {
            "value": 0.025892003936072192,
            "min": 0.015291610779240728,
            "max": 0.031597356580084925,
            "count": 94
        },
        "CommonEnemyAgent.Losses.ValueLoss.mean": {
            "value": 8.655703242619833,
            "min": 0.22942296862602235,
            "max": 67.25308647155762,
            "count": 94
        },
        "CommonEnemyAgent.Losses.ValueLoss.sum": {
            "value": 8.655703242619833,
            "min": 0.22942296862602235,
            "max": 67.25308647155762,
            "count": 94
        },
        "CommonEnemyAgent.Policy.LearningRate.mean": {
            "value": 9.042996985999884e-07,
            "min": 9.042996985999884e-07,
            "max": 0.0002968095010635,
            "count": 94
        },
        "CommonEnemyAgent.Policy.LearningRate.sum": {
            "value": 9.042996985999884e-07,
            "min": 9.042996985999884e-07,
            "max": 0.0002968095010635,
            "count": 94
        },
        "CommonEnemyAgent.Policy.Epsilon.mean": {
            "value": 0.10030140000000004,
            "min": 0.10030140000000004,
            "max": 0.19893650000000004,
            "count": 94
        },
        "CommonEnemyAgent.Policy.Epsilon.sum": {
            "value": 0.10030140000000004,
            "min": 0.10030140000000004,
            "max": 0.19893650000000004,
            "count": 94
        },
        "CommonEnemyAgent.Policy.Beta.mean": {
            "value": 0.0005000000000000001,
            "min": 0.0005,
            "max": 0.0005000000000000001,
            "count": 94
        },
        "CommonEnemyAgent.Policy.Beta.sum": {
            "value": 0.0005000000000000001,
            "min": 0.0005,
            "max": 0.0005000000000000001,
            "count": 94
        }
    },
    "metadata": {
        "timer_format_version": "0.1.0",
        "start_time_seconds": "1684685245",
        "python_version": "3.9.13 (tags/v3.9.13:6de2ca5, May 17 2022, 16:36:42) [MSC v.1929 64 bit (AMD64)]",
        "command_line_arguments": "U:\\endgame\\project\\RoguelikeGame\\venv\\Scripts\\mlagents-learn config/config.yaml --run-id=2 --force",
        "mlagents_version": "0.30.0",
        "mlagents_envs_version": "0.30.0",
        "communication_protocol_version": "1.5.0",
        "pytorch_version": "2.0.1+cu117",
        "numpy_version": "1.21.2",
        "end_time_seconds": "1684687832"
    },
    "total": 2586.2776317000003,
    "count": 1,
    "self": 0.11776239999971949,
    "children": {
        "run_training.setup": {
            "total": 0.13368659999999988,
            "count": 1,
            "self": 0.13368659999999988
        },
        "TrainerController.start_learning": {
            "total": 2586.0261827000004,
            "count": 1,
            "self": 2.734915600035947,
            "children": {
                "TrainerController._reset_env": {
                    "total": 22.8210108,
                    "count": 1,
                    "self": 22.8210108
                },
                "TrainerController.advance": {
                    "total": 2560.370644499965,
                    "count": 150494,
                    "self": 2.6063981999354837,
                    "children": {
                        "env_step": {
                            "total": 2297.2682335000063,
                            "count": 150494,
                            "self": 1786.3459587999948,
                            "children": {
                                "SubprocessEnvManager._take_step": {
                                    "total": 509.1685507999731,
                                    "count": 150494,
                                    "self": 7.888532799965503,
                                    "children": {
                                        "TorchPolicy.evaluate": {
                                            "total": 501.2800180000076,
                                            "count": 149111,
                                            "self": 501.2800180000076
                                        }
                                    }
                                },
                                "workers": {
                                    "total": 1.7537239000383593,
                                    "count": 150494,
                                    "self": 0.0,
                                    "children": {
                                        "worker_root": {
                                            "total": 2572.7366877999534,
                                            "count": 150494,
                                            "is_parallel": true,
                                            "self": 942.5955364999722,
                                            "children": {
                                                "steps_from_proto": {
                                                    "total": 0.0006793999999992195,
                                                    "count": 1,