{"count":1,"self":29.210419199999997,"total":31.355766799999998,"children":{"InitializeActuators":{"count":32,"self":0.0029917,"total":0.0029917,"children":null},"InitializeSensors":{"count":32,"self":0.00099739999999999985,"total":0.00099739999999999985,"children":null},"AgentSendState":{"count":1311,"self":0.0451907,"total":0.4272258,"children":{"CollectObservations":{"count":8416,"self":0.3413634,"total":0.3413634,"children":null},"WriteActionMask":{"count":8416,"self":0.0059784999999999994,"total":0.0059784999999999994,"children":null},"RequestDecision":{"count":8416,"self":0.0346932,"total":0.0346932,"children":null}}},"DecideAction":{"count":1311,"self":1.6691654999999999,"total":1.6691654999999999,"children":null},"AgentAct":{"count":1311,"self":0.0439304,"total":0.0439304,"children":null}},"gauges":{"CommonEnemyBehavior.CumulativeReward":{"count":1309,"max":0.539999247,"min":-1.79999924,"runningAverage":-0.340840369,"value":-0.490000039,"weightedAverage":-0.380783051}},"metadata":{"timer_format_version":"0.1.0","start_time_seconds":"1683661473","unity_version":"2021.3.23f1","command_line_arguments":"U:\\endgame\\unity\\2021.3.23f1\\Editor\\Unity.exe -projectpath U:\\endgame\\project\\RoguelikeGame -useHub -hubIPC -cloudEnvironment production","communication_protocol_version":"1.5.0","com.unity.ml-agents_version":"2.3.0-exp.3","scene_name":"SampleScene","end_time_seconds":"1683661504"}}